{
    "criteria": {
        "requirement":{
            "trigger":"minecraft:using_item",
            "conditions": {
                "item":{
                    "components":{
                        "minecraft:food":{
                            "nutrition":0,
                            "saturation":0,
                            "can_always_eat": true,
                            "eat_seconds":9999
                        }
                    }
                }
            }
        }
        },
        "rewards": {
            "function": "ability:right_click_detection"
        }
    }