{
  "type": "minecraft:entity",
  "pools": [
    {
      "rolls": 1,
      "entries": [
        {
          "type": "minecraft:item",
          "name": "minecraft:arrow",
          "weight": 1,
          "quality": 1,
          "functions": [
            {
              "function": "minecraft:set_name",
              "name": {
                "text": "Arrow",
                "color": "white",
                "italic": false
              },
              "conditions": []
            },
            {
              "function": "minecraft:set_lore",
              "lore": [
                {
                  "text": "Common",
                  "color": "white",
                  "bold": true,
                  "italic": false
                }
              ],
              "mode": "insert"
            },
            {
              "function": "minecraft:toggle_tooltips",
              "toggles": {
                "minecraft:attribute_modifiers": false
              }
            },
            {
              "function": "minecraft:set_components",
              "components": {
                "minecraft:item_model": "minecraft:arrow",
                "minecraft:enchantments": {
                  "levels": {
                    "ability:null": 1
                  },
                  "show_in_tooltip": false
                },
                "minecraft:enchantment_glint_override": false,
                "minecraft:unbreakable": {
                  "show_in_tooltip": false
                },
                "minecraft:tooltip_style": "minecraft:common"
              },
              "conditions": []
            }
          ],
          "conditions": []
        }
      ],
      "functions": [],
      "conditions": []
    }
  ]
}