{
  "description": "",
  "supported_items": "#minecraft:swords",
  "weight": 1,
  "max_level": 1,
  "min_cost": {
    "base": 1,
    "per_level_above_first": 1
  },
  "max_cost": {
    "base": 1,
    "per_level_above_first": 1
  },
  "anvil_cost": 1,
  "slots": [
    "mainhand"
  ],
  "effects": {
    "minecraft:post_attack": [
      {
        "effect": {
          "type": "minecraft:run_function",
          "function": "ability:left_click/chomp_hit"
        },
        "enchanted": "attacker",
        "affected": "victim"
      }
    ]
  }
}