{
  "type": "minecraft:entity",
  "pools": [
    {
      "rolls": 1,
      "entries": [
        {
          "type": "minecraft:item",
          "name": "minecraft:stick",
          "weight": 1,
          "quality": 1,
          "functions": [
            {
              "function": "minecraft:set_name",
              "name": {
                "text": "Basic Stick",
                "color": "white",
                "italic": false
              },
              "conditions": []
            },
            {
              "function": "minecraft:set_lore",
              "lore": [
                {
                  "text": "● A basic stick to get you through",
                  "color": "gray",
                  "italic": false
                },
                {
                  "text": "  hard times!",
                  "color": "gray",
                  "italic": false
                },
                {
                  "text": "──",
                  "extra": [
                    {
                      "text": " Stats ",
                      "extra": [
                        {
                          "text": "───────",
                          "color": "gray"
                        }
                      ],
                      "color": "white"
                    }
                  ],
                  "color": "gray",
                  "italic": false
                },
                {
                  "text": "⚔ ",
                  "extra": [
                    {
                      "text": "Base Damage: ",
                      "extra": [
                        {
                          "text": "2",
                          "color": "white",
                          "italic": false
                        }
                      ],
                      "color": "gray",
                      "italic": false
                    }
                  ],
                  "color": "yellow",
                  "italic": false
                },
                {
                  "text": "❤ ",
                  "extra": [
                    {
                      "text": "Health: ",
                      "extra": [
                        {
                          "text": "2",
                          "color": "white",
                          "italic": false
                        }
                      ],
                      "color": "gray",
                      "italic": false
                    }
                  ],
                  "color": "red",
                  "italic": false
                },
                {
                  "text": "✎ ",
                  "extra": [
                    {
                      "text": "Mana: ",
                      "extra": [
                        {
                          "text": "5",
                          "color": "white",
                          "italic": false
                        }
                      ],
                      "color": "gray",
                      "italic": false
                    }
                  ],
                  "color": "aqua",
                  "italic": false
                },
                {
                  "text": "──────────────",
                  "color": "gray",
                  "italic": false
                },
                {
                  "text": "Common",
                  "color": "white",
                  "bold": true,
                  "italic": false
                }
              ],
              "mode": "insert"
            },
            {
              "function": "minecraft:set_components",
              "components": {
                "minecraft:attribute_modifiers": [
                  {
                    "type": "minecraft:movement_speed",
                    "id": "minecraft:",
                    "amount": 0,
                    "operation": "add_value"
                  },
                  {
                    "type": "minecraft:attack_damage",
                    "id": "minecraft:",
                    "amount": 2,
                    "operation": "add_value",
                    "slot": "mainhand"
                  },
                  {
                    "type": "minecraft:attack_speed",
                    "id": "minecraft:",
                    "amount": 0,
                    "operation": "add_value",
                    "slot": "mainhand"
                  }
                ]
              }
            },
            {
              "function": "minecraft:toggle_tooltips",
              "toggles": {
                "minecraft:attribute_modifiers": false
              }
            },
            {
              "function": "minecraft:set_custom_data",
              "tag": {
                "Health": 2,
                "Health Regen": 0,
                "Defense": 0,
                "Mana": 5,
                "Mana Regen": 0,
                "Luck": 0,
                "Wisdom": 0,
                "Ability": 0
              }
            },
            {
              "function": "minecraft:set_components",
              "components": {
                "minecraft:item_model": "dungeon:custom_item/basic_stick",
                "minecraft:enchantments": {
                  "levels": {
                    "ability:null": 1
                  },
                  "show_in_tooltip": false
                },
                "minecraft:enchantment_glint_override": false,
                "minecraft:unbreakable": {
                  "show_in_tooltip": false
                }
              },
              "conditions": []
            }
          ],
          "conditions": []
        }
      ],
      "functions": [],
      "conditions": []
    }
  ]
}