{
  "type": "minecraft:entity",
  "pools": [
    {
      "bonus_rolls": 0,
      "entries": [
        {
          "type": "minecraft:loot_table",
          "value": "dungeon:items/special/health_potion_1",
          "functions": [
            {
              "count": {
                "type": "minecraft:uniform",
                "min": -2,
                "max": 3
              },
              "function": "minecraft:set_count",
              "add": false
            }
          ]
        }
      ],
      "rolls": 1
    }
  ],
  "random_sequence": "minecraft:entities/zombie_horse"
}