{
  "type": "minecraft:entity",
  "pools": [
    {
      "rolls": 1,
      "entries": [
        {
          "type": "minecraft:item",
          "name": "minecraft:chainmail_helmet",
          "weight": 1,
          "quality": 1,
          "functions": [
            {
              "function": "minecraft:set_name",
              "name": {
                "text": "very couul chestpalte",
                "color": "blue",
                "italic": false
              },
              "conditions": []
            },
            {
              "function": "minecraft:set_lore",
              "lore": [
                {
                  "text": "──────────────",
                  "color": "gray",
                  "italic": false
                },
                {
                  "text": "🔥Full Set Bonus: ",
                  "extra": [
                    {
                      "text": "Hunter Grass",
                      "color": "yellow"
                    }
                  ],
                  "color": "gold",
                  "italic": false
                },
                {
                  "text": "● Gain speed only when touching",
                  "color": "gray",
                  "italic": false
                },
                {
                  "text": "   grass.... Scary!",
                  "color": "gray",
                  "italic": false
                },
                "",
                {
                  "text": "Rare",
                  "color": "blue",
                  "bold": true,
                  "italic": false
                }
              ],
              "mode": "insert"
            },
            {
              "function": "minecraft:set_components",
              "components": {
                "minecraft:attribute_modifiers": [
                  {
                    "type": "minecraft:movement_speed",
                    "id": "minecraft:",
                    "amount": 0,
                    "operation": "add_value"
                  },
                  {
                    "type": "minecraft:attack_damage",
                    "id": "minecraft:",
                    "amount": 0,
                    "operation": "add_value",
                    "slot": "mainhand"
                  },
                  {
                    "type": "minecraft:attack_speed",
                    "id": "minecraft:",
                    "amount": 0,
                    "operation": "add_value",
                    "slot": "mainhand"
                  }
                ]
              }
            },
            {
              "function": "minecraft:toggle_tooltips",
              "toggles": {
                "minecraft:attribute_modifiers": false
              }
            },
            {
              "function": "minecraft:set_custom_data",
              "tag": {
                "Health": 12,
                "Health Regen": 1,
                "Defense": 30,
                "Mana": 0,
                "Mana Regen": 0,
                "Luck": 0,
                "Wisdom": 0,
                "Ability": 1
              },
              "conditions": []
            }
          ],
          "conditions": []
        }
      ],
      "functions": [],
      "conditions": []
    }
  ]
}