{
  "type": "minecraft:entity",
  "pools": [
    {
      "rolls": 1,
      "entries": [
        {
          "type": "minecraft:item",
          "name": "minecraft:iron_sword",
          "weight": 1,
          "quality": 1,
          "functions": [
            {
              "function": "minecraft:set_name",
              "name": {
                "text": "Iron Blade",
                "color": "green",
                "italic": false
              },
              "conditions": []
            },
            {
              "function": "minecraft:set_lore",
              "lore": [
                {
                  "text": "● Able to slash mobs within reason,",
                  "color": "gray",
                  "italic": false
                },
                {
                  "text": "  this ain't no obsidian blade",
                  "color": "gray",
                  "italic": false
                },
                {
                  "text": "──",
                  "extra": [
                    {
                      "text": " Stats ",
                      "extra": [
                        {
                          "text": "───────",
                          "color": "gray"
                        }
                      ],
                      "color": "white"
                    }
                  ],
                  "color": "gray",
                  "italic": false
                },
                {
                  "text": "⚔ ",
                  "extra": [
                    {
                      "text": "Base Damage: ",
                      "extra": [
                        {
                          "text": "6",
                          "color": "white",
                          "italic": false
                        }
                      ],
                      "color": "gray",
                      "italic": false
                    }
                  ],
                  "color": "yellow",
                  "italic": false
                },
                {
                  "text": "❤ ",
                  "extra": [
                    {
                      "text": "Health: ",
                      "extra": [
                        {
                          "text": "2",
                          "color": "white",
                          "italic": false
                        }
                      ],
                      "color": "gray",
                      "italic": false
                    }
                  ],
                  "color": "red",
                  "italic": false
                },
                {
                  "text": "❈ ",
                  "extra": [
                    {
                      "text": "Defense: ",
                      "extra": [
                        {
                          "text": "3",
                          "color": "white",
                          "italic": false
                        }
                      ],
                      "color": "gray",
                      "italic": false
                    }
                  ],
                  "color": "green",
                  "italic": false
                },
                {
                  "text": "✎ ",
                  "extra": [
                    {
                      "text": "Mana: ",
                      "extra": [
                        {
                          "text": "3",
                          "color": "white",
                          "italic": false
                        }
                      ],
                      "color": "gray",
                      "italic": false
                    }
                  ],
                  "color": "aqua",
                  "italic": false
                },
                {
                  "text": "──────────────",
                  "color": "gray",
                  "italic": false
                },
                {
                  "text": "🔥Right Click:",
                  "extra": [
                    {
                      "text": " Multi-hit",
                      "color": "yellow"
                    }
                  ],
                  "color": "gold",
                  "italic": false
                },
                {
                  "text": "● Attack a mob multiple times",
                  "color": "gray",
                  "italic": false
                },
                {
                  "text": "   in front of you for 2 seconds",
                  "color": "gray",
                  "italic": false
                },
                {
                  "text": "Mana Cost: ",
                  "extra": [
                    {
                      "text": "19",
                      "color": "aqua"
                    }
                  ],
                  "color": "dark_gray",
                  "italic": false
                },
                {
                  "text": "Cooldown: ",
                  "extra": [
                    {
                      "text": "12s",
                      "color": "green"
                    }
                  ],
                  "color": "dark_gray",
                  "italic": false
                },
                "",
                {
                  "text": "Uncommon",
                  "color": "green",
                  "bold": true,
                  "italic": false
                }
              ],
              "mode": "insert"
            },
            {
              "function": "minecraft:set_components",
              "components": {
                "minecraft:attribute_modifiers": [
                  {
                    "type": "minecraft:movement_speed",
                    "id": "minecraft:",
                    "amount": 0,
                    "operation": "add_value"
                  },
                  {
                    "type": "minecraft:attack_damage",
                    "id": "minecraft:",
                    "amount": 6,
                    "operation": "add_value",
                    "slot": "mainhand"
                  },
                  {
                    "type": "minecraft:attack_speed",
                    "id": "minecraft:",
                    "amount": 0,
                    "operation": "add_value",
                    "slot": "mainhand"
                  }
                ]
              }
            },
            {
              "function": "minecraft:toggle_tooltips",
              "toggles": {
                "minecraft:attribute_modifiers": false
              }
            },
            {
              "function": "minecraft:set_custom_data",
              "tag": {
                "Health": 2,
                "Health Regen": 0,
                "Defense": 3,
                "Mana": 3,
                "Mana Regen": 0,
                "Luck": 0,
                "Wisdom": 0,
                "Ability": 4
              }
            },
            {
              "function": "minecraft:set_components",
              "components": {
                "minecraft:item_model": "dungeon:custom_item/weapon/iron_blade",
                "minecraft:enchantments": {
                  "levels": {
                    "ability:null": 1
                  },
                  "show_in_tooltip": false
                },
                "minecraft:enchantment_glint_override": false,
                "minecraft:unbreakable": {
                  "show_in_tooltip": false
                },
                "minecraft:food": {
                  "nutrition": 0,
                  "saturation": 0,
                  "can_always_eat": true
                },
                "minecraft:consumable": {
                  "consume_seconds": 9999
                },
                "minecraft:tooltip_style": "minecraft:uncommon"
              },
              "conditions": []
            }
          ],
          "conditions": []
        }
      ],
      "functions": [],
      "conditions": []
    }
  ]
}