{
  "display": {
    "icon": {
      "id": "minecraft:gold_ingot",
      "components": {
        "minecraft:item_model": "dungeon:custom_item/marker/yellow_1"
      }
    },
    "title": {
      "text": "{ Start Your Journey }",
      "color": "dark_red",
      "shadow_color": 6816515,
      "bold": true
    },
    "description": {
      "text": "Found a portal, go ahead and find out what's on the other side",
      "color": "gray"
    },
    "background": "dungeon:textures/item/custom_item/special/bg1.png",
    "frame": "challenge",
    "show_toast": false,
    "announce_to_chat": false,
    "hidden": false
  },
  "criteria": {
    "nothing": {
      "trigger": "minecraft:impossible"
    }
  }
}